#Name,l_deg,b_deg,RA_deg,Dec_deg,dRA_asec,dDec_asec,Peak_mJybm,dPeak_mJybm,Flux_mJy,dFlux_mJy,Angscale_asec,dAngscale_asec,AngscaleDecon_asec,gaussMajor_asec,dGaussMajor_asec,gaussMinor_asec,dGaussMminor_asec,gaussPosangle_deg,dGaussPosangle_deg,RMS_mJybm,Sky_mJybm,Sigma,mType,fArtefact,fCluster,fEdge,fHiNoise,fHi5Sig,fNearBright,fSmoothWeighting,fOverlap7sig,fOverlap5sig
G010.3009-00.1477,010.30088,-00.14770,272.23311,-20.09871,00.14,00.14,00056.37,00005.04,00631.39,00059.30,05.452,00.007,05.2,,,,,,,00.87,0.043,0064.1,P,0,1,0,1,1,0,1,0,0
G010.3204-00.2328,010.32038,-00.23281,272.32303,-20.12308,01.09,01.08,00008.02,00000.84,00032.43,00005.00,03.233,00.044,02.9,,,,,,,00.64,0.011,0011.7,P,0,0,0,1,0,0,1,0,0
G010.3204-00.2586,010.32042,-00.25857,272.34701,-20.13525,00.11,00.12,00014.61,00001.50,00018.20,00002.26,01.674,00.069,,01.869,00.118,01.500,00.079,175.565,08.953,00.71,-0.117,0020.7,G,0,0,0,1,0,0,0,0,0
G010.4724+00.0275,010.47236,+00.02750,272.15907,-19.86382,00.56,00.54,00022.34,00002.01,00038.43,00004.38,02.243,00.018,01.7,,,,,,,00.41,-0.010,0053.2,P,0,1,0,0,1,0,0,1,0
G010.4736+00.0274,010.47363,+00.02744,272.15965,-19.86267,00.90,00.93,00012.30,00001.14,00019.30,00002.39,02.028,00.025,01.4,,,,,,,00.41,-0.002,0028.8,P,0,1,0,0,1,0,0,1,0
G010.6218-00.3848,010.62180,-00.38476,272.61978,-19.93235,00.73,00.66,00016.81,00001.58,00037.06,00004.04,02.292,00.021,01.7,,,,,,,00.64,-0.096,0025.1,P,0,1,0,1,1,0,1,1,0
G010.6223-00.3788,010.62231,-00.37877,272.61473,-19.92937,00.16,00.15,00097.90,00008.72,00483.33,00049.87,05.758,00.013,05.6,,,,,,,00.61,-0.013,0158.9,P,0,1,0,1,1,0,1,1,0
G010.6234-00.3837,010.62340,-00.38369,272.61960,-19.93031,00.10,00.10,00305.58,00027.20,01952.22,00176.18,04.638,00.002,04.4,,,,,,,00.64,-0.078,0477.1,P,0,1,0,1,1,0,1,1,0
G010.6240-00.3813,010.62398,-00.38128,272.61745,-19.92877,00.44,00.43,00038.23,00003.44,00071.65,00007.24,02.083,00.012,01.4,,,,,,,00.63,-0.051,0059.6,P,0,1,0,1,1,0,1,1,0
G010.6297-00.3380,010.62969,-00.33799,272.58012,-19.90292,00.24,00.34,00004.98,00000.71,00026.39,00004.29,03.453,00.310,03.1,04.124,00.552,02.892,00.346,164.642,13.199,00.55,0.025,0008.5,G,0,0,0,1,1,0,1,0,0
G010.8519-00.4407,010.85191,-00.44070,272.78970,-19.75779,00.12,00.12,00007.50,00000.81,00011.09,00001.46,01.825,00.087,01.0,01.884,00.130,01.767,00.116,31.372,39.443,00.43,-0.017,0016.3,G,0,0,0,0,0,0,0,0,0
G010.9584+00.0221,010.95839,+00.02206,272.41410,-19.44110,00.16,00.16,00109.11,00009.72,00195.97,00018.33,02.201,00.004,01.6,,,,,,,00.40,0.040,0269.8,P,0,0,0,0,1,0,0,0,1
G010.9656+00.0089,010.96557,+00.00889,272.42943,-19.44128,00.54,00.52,00007.86,00000.74,00051.75,00006.10,04.883,00.030,04.6,,,,,,,00.44,-0.052,0017.0,P,0,0,0,0,1,0,1,0,1
G011.0328+00.0274,011.03283,+00.02738,272.44730,-19.37342,00.15,00.19,00003.58,00000.49,00005.69,00001.06,01.891,00.155,01.2,02.236,00.290,01.599,00.161,153.839,11.698,00.34,-0.009,0009.8,G,0,0,0,0,1,0,1,0,0
G011.1104-00.3985,011.11043,-00.39851,272.88328,-19.51157,00.13,00.13,00051.55,00004.59,00305.37,00028.55,08.355,00.010,08.2,,,,,,,00.38,-0.046,0135.0,P,0,0,0,0,0,0,0,0,0
G011.1712-00.0662,011.17121,-00.06621,272.60463,-19.29652,00.35,00.36,00003.54,00000.33,00102.17,00012.73,10.747,00.044,10.6,,,,,,,00.42,-0.045,0007.6,P,0,0,0,0,0,0,0,0,0
G011.9032-00.1407,011.90321,-00.14074,273.04691,-18.69187,00.19,00.19,00005.59,00000.65,00025.57,00003.30,03.208,00.192,02.8,03.494,00.304,02.946,00.242,139.238,18.816,00.43,0.012,0013.9,G,0,1,0,0,0,0,1,1,0
G011.9039-00.1411,011.90393,-00.14108,273.04760,-18.69140,00.11,00.11,00011.11,00001.10,00016.81,00001.88,01.845,00.064,01.1,01.855,00.092,01.835,00.090,150.497,90.000,00.43,0.032,0025.3,G,0,1,0,0,0,0,1,1,0
G011.9368-00.6158,011.93677,-00.61577,273.50458,-18.88987,00.10,00.10,00163.93,00014.59,01155.90,00105.38,05.886,00.003,05.7,,,,,,,00.35,-0.001,0470.9,P,0,0,0,0,1,0,1,0,0
G011.9446-00.0369,011.94458,-00.03686,272.97191,-18.60485,00.11,00.12,00061.58,00005.48,00943.58,00098.50,14.640,00.014,14.6,,,,,,,00.46,-0.020,0134.3,P,0,0,0,1,0,0,1,0,0
G011.9786-00.0973,011.97859,-00.09725,273.04490,-18.60486,00.21,00.18,00003.26,00000.51,00004.46,00001.08,01.755,00.190,,02.053,00.352,01.500,00.198,122.671,16.580,00.46,0.024,0007.2,G,0,0,0,1,0,0,1,0,0
G012.1988-00.0345,012.19880,-00.03447,273.09839,-18.38157,00.11,00.11,00019.68,00001.82,00062.71,00005.92,02.677,00.061,02.2,02.739,00.088,02.618,00.083,09.500,22.175,00.49,0.005,0039.2,G,0,0,0,1,0,0,1,0,0
G012.2081-00.1019,012.20806,-00.10189,273.16539,-18.40592,00.18,00.18,00072.18,00006.43,00207.87,00019.73,02.841,00.006,02.4,,,,,,,00.48,-0.004,0149.5,P,0,0,0,1,0,0,1,0,0
G012.4294-00.0479,012.42940,-00.04791,273.22738,-18.18573,00.11,00.11,00013.78,00001.29,00045.17,00004.35,02.716,00.069,02.3,02.852,00.103,02.587,00.091,113.008,12.016,00.38,-0.011,0040.2,G,0,0,0,0,0,0,0,0,0
G012.4317-01.1112,012.43168,-01.11120,274.21336,-18.69117,00.54,00.54,00009.67,00000.91,00069.01,00009.50,04.398,00.032,04.1,,,,,,,00.50,-0.026,0018.4,P,0,0,0,1,1,0,0,0,0
G012.8050-00.2007,012.80500,-00.20067,273.55816,-17.92913,00.10,00.10,00287.90,00025.63,12616.40,01120.83,16.225,00.005,16.2,,,,,,,03.80,0.274,0074.7,P,0,0,0,1,0,0,0,0,0
G012.8131-00.1976,012.81310,-00.19759,273.55902,-17.92105,00.20,00.25,00131.04,00011.82,01500.39,00147.30,05.431,00.012,05.2,,,,,,,03.84,0.118,0033.2,P,0,0,0,1,0,0,0,0,0
G012.9995-00.3583,012.99951,-00.35830,273.80075,-17.83354,00.27,00.30,00004.76,00000.74,00020.14,00003.70,03.086,00.319,02.7,03.247,00.483,02.933,00.420,159.669,56.331,00.64,-0.105,0008.6,G,0,0,0,1,0,0,1,0,0
G013.2099-00.1428,013.20989,-00.14281,273.70837,-17.54569,00.11,00.11,00040.72,00003.63,00946.76,00087.46,08.347,00.005,08.2,,,,,,,00.43,-0.077,0094.3,P,0,0,0,0,0,0,0,0,0
G013.3850+00.0684,013.38496,+00.06835,273.60252,-17.29232,00.12,00.12,00010.49,00000.94,00603.94,00060.83,19.177,00.015,19.1,,,,,,,00.54,0.201,0018.3,P,0,0,0,1,0,0,0,0,0
G013.8726+00.2818,013.87258,+00.28179,273.64920,-16.76033,00.11,00.11,00024.71,00002.21,01447.55,00129.84,15.430,00.009,15.4,,,,,,,00.87,0.043,0027.5,P,0,0,0,1,0,0,0,0,0
G014.1046+00.0918,014.10457,+00.09178,273.93792,-16.64754,00.83,00.82,00007.85,00000.75,00024.61,00003.11,02.860,00.030,02.4,,,,,,,00.38,-0.046,0019.8,P,0,0,0,0,0,0,0,0,0
G014.1741+00.0245,014.17415,+00.02455,274.03525,-16.61827,00.60,00.58,00003.87,00000.38,00047.73,00007.42,06.932,00.049,06.8,,,,,,,00.37,-0.004,0009.5,P,0,0,0,0,0,0,0,0,0
G014.2460-00.0728,014.24596,-00.07284,274.15956,-16.60171,00.50,00.50,00011.40,00001.04,00051.26,00006.18,03.935,00.026,03.6,,,,,,,00.39,-0.018,0028.6,P,0,0,0,0,0,0,0,0,0
G014.5988+00.0198,014.59881,+00.01985,274.24920,-16.24706,00.16,00.27,00002.89,00000.48,00004.39,00001.09,01.848,00.213,01.1,02.277,00.426,01.500,00.202,06.654,12.569,00.38,-0.017,0007.3,G,0,0,0,0,1,0,0,0,0
G014.7785-00.3328,014.77849,-00.33278,274.66124,-16.25621,01.00,00.99,00011.02,00001.02,00018.25,00002.47,02.305,00.032,01.8,,,,,,,00.39,-0.012,0027.6,P,0,0,0,0,0,0,0,0,0
G016.1448+00.0088,016.14482,+00.00876,275.01917,-14.89054,00.10,00.11,00013.02,00001.23,00014.76,00001.55,01.597,00.044,,01.700,00.069,01.500,00.056,145.899,10.211,00.48,-0.328,0026.1,G,0,0,0,1,0,0,1,0,0
G016.3913-00.1383,016.39128,-00.13827,275.27294,-14.74238,00.31,00.30,00003.62,00000.34,00124.27,00015.43,11.741,00.041,11.6,,,,,,,00.38,-0.069,0008.7,P,0,0,0,0,0,0,0,0,0
G016.9445-00.0738,016.94449,-00.07379,275.48343,-14.22393,00.11,00.11,00097.73,00008.70,00519.34,00047.78,03.458,00.003,03.1,,,,,,,00.31,0.047,0312.3,P,0,0,0,0,0,0,1,0,0
G017.0299-00.0696,017.02987,-00.06955,275.52106,-14.14664,00.26,00.26,00002.12,00000.32,00005.38,00001.06,02.388,00.241,01.9,03.216,00.528,01.773,00.208,135.976,07.430,00.26,0.015,0008.9,G,0,0,0,0,0,0,1,0,0
G017.1141-00.1124,017.11407,-00.11236,275.60081,-14.09242,00.19,00.14,00004.82,00000.55,00017.21,00002.19,02.835,00.157,02.4,03.294,00.274,02.440,00.179,92.230,09.394,00.33,0.063,0016.0,G,0,0,0,0,0,0,0,0,0
G017.5549+00.1654,017.55493,+00.16536,275.56158,-13.57277,00.17,00.19,00003.29,00000.44,00007.13,00001.22,02.208,00.175,01.6,02.359,00.275,02.067,00.223,05.945,32.395,00.30,-0.006,0010.9,G,0,0,0,0,0,0,0,0,0
G017.9850+00.1266,017.98501,+00.12662,275.80424,-13.21118,00.35,00.41,00001.85,00000.32,00010.42,00002.07,03.558,00.431,03.2,03.818,00.668,03.316,00.556,01.947,47.633,00.28,-0.010,0008.1,G,0,0,0,0,0,0,0,0,0
G018.1460-00.2839,018.14602,-00.28390,276.25320,-13.25764,00.12,00.12,00010.54,00000.94,00856.18,00082.85,23.421,00.020,23.4,,,,,,,00.60,-0.035,0016.5,P,0,0,0,1,0,0,1,0,0
G018.3024-00.3910,018.30241,-00.39103,276.42626,-13.17194,00.10,00.10,00048.02,00004.27,01277.88,00114.83,14.634,00.004,14.6,,,,,,,00.29,-0.019,0164.5,P,0,0,0,0,0,0,1,0,0
G018.4433-00.0056,018.44328,-00.00558,276.14443,-12.86818,00.10,00.10,00031.48,00002.82,00081.31,00007.30,02.411,00.037,01.9,02.421,00.053,02.400,00.053,179.090,42.011,00.24,-0.016,0124.1,G,0,0,0,0,0,0,0,0,0
G018.4614-00.0038,018.46141,-00.00378,276.15139,-12.85133,00.11,00.11,00121.64,00010.83,00342.12,00031.50,02.759,00.003,02.3,,,,,,,00.24,-0.006,0499.7,P,0,0,0,0,0,0,0,0,0
G018.6654+00.0294,018.66539,+00.02935,276.21925,-12.65552,00.12,00.14,00004.19,00000.48,00005.65,00000.85,01.742,00.101,,01.923,00.169,01.578,00.118,23.947,14.702,00.29,-0.041,0013.8,G,0,0,0,0,0,0,0,0,0
G018.7106+00.0002,018.71061,+00.00022,276.26724,-12.62916,00.21,00.20,00071.64,00006.38,00107.46,00010.62,02.042,00.007,01.4,,,,,,,00.32,-0.017,0222.6,P,0,0,0,0,0,0,0,0,0
G018.7612+00.2630,018.76118,+00.26298,276.05359,-12.46157,00.10,00.10,00036.07,00003.24,00051.38,00004.67,01.790,00.030,,01.842,00.043,01.740,00.040,75.820,08.333,00.45,-0.192,0078.9,G,0,0,0,1,0,0,1,0,0
G018.8250-00.4675,018.82499,-00.46749,276.74605,-12.74616,00.22,00.25,00004.02,00000.61,00011.41,00002.17,02.527,00.250,02.0,02.892,00.431,02.208,00.286,33.004,19.000,00.48,0.337,0007.5,G,0,0,0,1,0,0,1,0,0
G018.8338-00.3002,018.83384,-00.30024,276.59838,-12.66131,00.16,00.16,00029.02,00002.58,00131.38,00013.35,06.718,00.012,06.5,,,,,,,00.21,0.008,0140.3,P,0,0,0,0,1,0,0,0,0
G019.0035+00.1280,019.00347,+00.12803,276.29172,-12.31051,00.30,00.37,00001.91,00000.35,00006.41,00001.52,02.751,00.372,02.3,03.069,00.616,02.466,00.448,23.858,33.142,00.28,-0.010,0007.1,G,0,0,0,0,0,0,0,0,0
G019.0754-00.2874,019.07543,-00.28737,276.70180,-12.44112,00.15,00.14,00023.43,00002.09,00380.69,00037.06,08.489,00.013,08.4,,,,,,,00.50,-0.046,0045.6,P,0,1,0,1,0,0,1,1,0
G019.0767-00.2882,019.07672,-00.28820,276.70364,-12.43985,00.25,00.27,00062.94,00005.61,00129.48,00013.15,02.527,00.010,02.0,,,,,,,00.49,-0.075,0128.1,P,0,1,0,1,0,0,1,1,0
G019.4752+00.1728,019.47525,+00.17281,276.47628,-11.87262,00.60,00.59,00007.03,00000.66,00037.22,00004.56,03.743,00.028,03.4,,,,,,,00.35,-0.041,0019.2,P,0,0,0,0,0,0,0,0,0
G019.6087-00.2351,019.60873,-00.23507,276.90944,-11.94335,00.10,00.10,00153.16,00013.63,02900.88,00260.93,13.108,00.003,13.0,,,,,,,00.56,0.041,0273.7,P,0,1,0,1,1,0,0,1,0
G019.6090-00.2313,019.60899,-00.23126,276.90585,-11.94221,00.22,00.21,00089.71,00007.99,00259.95,00026.87,03.840,00.011,03.5,,,,,,,00.58,0.039,0153.4,P,0,1,0,1,1,0,0,1,0
G019.7281-00.1135,019.72806,-00.11354,276.85563,-11.78231,00.53,00.53,00006.16,00000.57,00026.23,00003.09,03.364,00.023,03.0,,,,,,,00.22,-0.006,0026.6,P,0,0,0,0,1,0,0,0,0
G019.7549-00.1282,019.75490,-00.12817,276.88169,-11.76520,00.10,00.10,00030.71,00002.74,00036.52,00003.29,01.636,00.025,,01.696,00.037,01.578,00.034,44.489,04.381,00.25,-0.009,0121.5,G,0,0,0,0,1,0,0,0,0
G020.0720-00.1421,020.07196,-00.14208,277.04491,-11.49079,00.18,00.14,00039.74,00003.54,00210.13,00021.54,05.386,00.013,05.2,,,,,,,00.39,-0.043,0101.1,P,0,1,0,0,0,0,0,1,0
G020.0797-00.1337,020.07973,-00.13366,277.04088,-11.48019,00.15,00.13,00006.74,00000.76,00014.09,00001.91,02.168,00.120,01.6,02.418,00.201,01.945,00.142,105.471,12.913,00.47,0.012,0013.5,G,0,1,0,1,0,0,0,1,0
G020.0809-00.1362,020.08090,-00.13617,277.04343,-11.48024,00.11,00.12,00137.00,00012.20,00498.19,00045.06,02.977,00.002,02.6,,,,,,,00.39,-0.043,0349.1,P,0,1,0,0,0,0,0,1,0
G020.3633-00.0136,020.36326,-00.01355,277.06668,-11.17339,00.38,00.38,00016.35,00001.47,00055.11,00005.93,02.926,00.015,02.5,,,,,,,00.33,0.002,0048.8,P,0,0,0,0,0,0,0,0,0
G020.7619-00.0646,020.76190,-00.06464,277.30151,-10.84400,00.28,00.22,00003.72,00000.60,00010.03,00002.08,02.463,00.269,02.0,02.769,00.454,02.190,00.317,106.740,24.531,00.50,0.164,0007.3,G,0,0,0,1,0,0,1,0,0
G020.9636-00.0744,020.96361,-00.07435,277.40552,-10.66981,00.15,00.25,00004.11,00000.55,00011.28,00001.84,02.486,00.197,02.0,03.109,00.385,01.987,00.195,179.638,08.416,00.37,0.020,0010.4,G,0,0,0,0,0,0,0,0,0
G021.3571-00.1766,021.35708,-00.17658,277.68310,-10.36851,00.10,00.10,00015.35,00001.40,00024.93,00002.34,01.912,00.038,01.2,01.999,00.058,01.828,00.051,119.144,08.762,00.28,-0.006,0053.4,G,0,0,0,0,1,0,0,0,0
G021.3855-00.2541,021.38554,-00.25408,277.76635,-10.37924,00.21,00.21,00062.56,00005.57,00113.91,00011.24,02.220,00.007,01.6,,,,,,,00.33,-0.019,0186.9,P,0,0,0,0,1,0,0,0,0
G021.6034-00.1685,021.60344,-00.16854,277.79167,-10.14628,01.07,01.03,00004.17,00000.43,00019.84,00003.45,03.742,00.053,03.4,,,,,,,00.33,-0.001,0011.7,P,0,0,0,0,0,0,0,0,0
G021.8751+00.0075,021.87515,+00.00752,277.76035,-09.82522,00.11,00.11,00019.52,00001.74,00566.73,00054.14,11.479,00.009,11.4,,,,,,,00.33,-0.012,0057.6,P,0,0,0,0,0,0,0,0,0
G023.1974-00.0006,023.19742,-00.00059,278.38714,-08.65511,00.16,00.17,00004.34,00000.54,00010.01,00001.54,02.277,00.157,01.7,02.415,00.243,02.148,00.202,00.867,31.774,00.35,-0.016,0011.6,G,0,0,0,0,0,0,0,0,0
G023.2654+00.0765,023.26542,+00.07647,278.34964,-08.55957,00.29,00.29,00019.24,00001.72,00088.57,00009.87,04.585,00.017,04.3,,,,,,,00.32,-0.007,0059.4,P,0,0,0,0,1,0,0,0,0
G023.4553-00.2010,023.45526,-00.20096,278.68716,-08.51864,00.11,00.11,00011.02,00001.07,00014.39,00001.56,01.714,00.054,,01.797,00.082,01.635,00.070,28.843,16.287,00.40,-0.071,0028.5,G,0,0,0,0,0,0,1,0,0
G023.4835+00.0964,023.48350,+00.09643,278.43349,-08.35653,00.16,00.19,00004.01,00000.53,00008.23,00001.39,02.149,00.166,01.5,02.351,00.271,01.964,00.202,167.878,22.552,00.36,-0.020,0011.4,G,0,0,0,0,0,0,0,0,0
G023.7110+00.1705,023.71104,+00.17046,278.47279,-08.12047,00.22,00.22,00030.76,00002.76,00208.50,00020.34,04.690,00.012,04.4,,,,,,,00.60,-0.081,0050.7,P,0,0,0,1,0,0,0,1,0
G023.8618-00.1250,023.86176,-00.12501,278.80812,-08.12308,00.86,00.84,00006.43,00000.64,00039.16,00006.29,04.048,00.045,03.8,,,,,,,00.48,-0.047,0012.6,P,0,0,0,1,0,0,1,0,0
G023.8985+00.0647,023.89848,+00.06474,278.65513,-08.00286,00.21,00.26,00005.80,00000.68,00043.42,00005.45,04.104,00.249,03.8,04.924,00.439,03.420,00.281,24.566,08.664,00.45,0.051,0014.4,G,0,0,0,0,0,0,0,0,0
G023.9564+00.1493,023.95642,+00.14928,278.60501,-07.91273,00.10,00.10,00042.72,00003.80,01161.18,00104.78,13.142,00.005,13.1,,,,,,,00.44,-0.015,0095.3,P,0,0,0,0,0,0,0,0,0
G024.1839+00.1199,024.18394,+00.11994,278.73838,-07.72405,00.14,00.18,00003.00,00000.42,00003.79,00000.79,01.686,00.147,,01.856,00.247,01.531,00.173,168.289,23.220,00.30,0.017,0008.9,G,0,0,0,0,0,0,0,0,0
G024.4698+00.4954,024.46978,+00.49538,278.53513,-07.29729,01.55,01.26,00007.98,00000.86,00029.50,00004.53,02.865,00.042,02.4,,,,,,,00.66,0.004,0011.2,P,0,1,0,1,1,0,0,0,1
G024.4721+00.4877,024.47206,+00.48774,278.54304,-07.29890,00.74,00.73,00007.91,00000.81,00055.19,00007.73,03.863,00.036,03.6,,,,,,,00.65,0.005,0011.3,P,0,0,0,1,1,0,0,0,1
G024.4736+00.4950,024.47362,+00.49503,278.53703,-07.29481,00.55,00.52,00007.51,00000.74,00099.43,00012.24,05.621,00.030,05.4,,,,,,,00.64,0.009,0010.7,P,0,1,0,1,1,0,0,0,1
G024.4921-00.0386,024.49208,-00.03857,279.02371,-07.52313,00.20,00.19,00019.30,00001.73,00140.12,00013.50,04.437,00.010,04.2,,,,,,,00.35,-0.017,0054.2,P,0,0,0,0,0,0,0,0,0
G024.5065-00.2224,024.50653,-00.22238,279.19503,-07.59474,00.18,00.18,00015.00,00001.35,00205.57,00019.72,06.188,00.012,06.0,,,,,,,00.43,-0.048,0034.0,P,0,0,0,0,0,0,1,0,0
G024.8497+00.0881,024.84968,+00.08814,279.07575,-07.14759,00.29,00.50,00003.33,00000.55,00019.93,00003.82,03.669,00.429,03.3,04.695,00.830,02.867,00.439,07.993,11.988,00.49,0.060,0007.0,G,0,0,0,1,0,0,1,0,0
G025.3809-00.1815,025.38091,-00.18154,279.56249,-06.80033,00.16,00.16,00028.64,00002.57,00460.83,00042.66,08.456,00.013,08.3,,,,,,,00.87,-0.037,0032.0,P,0,1,0,1,1,0,0,1,1
G025.3824-00.1812,025.38243,-00.18123,279.56360,-06.79794,00.28,00.32,00036.62,00003.32,00200.13,00020.03,03.436,00.013,03.1,,,,,,,00.91,-0.099,0039.1,P,0,1,0,1,1,0,0,1,1
G025.3948+00.0332,025.39478,+00.03324,279.37742,-06.68878,00.14,00.14,00029.26,00002.61,00296.86,00027.46,04.638,00.006,04.4,,,,,,,00.40,-0.032,0071.6,P,0,0,0,0,0,0,1,0,0
G025.3970+00.5614,025.39695,+00.56140,278.90599,-06.44398,00.18,00.18,00078.34,00006.98,00121.17,00011.53,02.036,00.005,01.4,,,,,,,00.32,0.008,0240.1,P,0,1,0,0,0,0,1,1,0
G025.3981-00.1411,025.39808,-00.14107,279.53447,-06.76616,00.11,00.11,00125.02,00011.13,02132.24,00194.31,08.598,00.005,08.5,,,,,,,00.89,-0.039,0139.4,P,0,1,0,1,1,0,0,0,0
G025.3983+00.5617,025.39830,+00.56167,278.90638,-06.44267,00.10,00.10,00018.55,00001.69,00051.93,00004.82,02.510,00.051,02.0,02.576,00.074,02.446,00.069,91.519,15.588,00.33,-0.005,0053.7,G,0,1,0,0,0,0,1,1,0
G025.3991-00.1366,025.39914,-00.13658,279.53091,-06.76299,02.16,02.10,00007.91,00000.93,00029.38,00006.41,03.359,00.079,03.0,,,,,,,00.90,-0.077,0007.8,P,0,1,0,1,1,0,0,0,0
G025.7157+00.0487,025.71567,+00.04868,279.51165,-06.39640,00.94,00.93,00010.66,00000.99,00020.79,00002.96,02.358,00.032,01.8,,,,,,,00.37,-0.006,0027.7,P,0,0,0,0,0,0,1,0,0
G025.8011-00.1568,025.80114,-00.15685,279.73485,-06.41482,00.10,00.10,00022.54,00002.04,00031.95,00002.96,01.786,00.033,,01.864,00.049,01.711,00.044,23.419,07.594,00.35,-0.014,0063.3,G,0,0,0,0,0,0,0,0,0
G026.0083+00.1369,026.00830,+00.13693,279.56783,-06.09599,00.14,00.14,00004.39,00000.53,00006.58,00001.03,01.836,00.116,01.1,01.980,00.187,01.703,00.143,146.299,21.902,00.33,0.004,0013.2,G,0,0,0,0,1,0,0,0,0
G026.0916-00.0565,026.09161,-00.05651,279.77913,-06.11069,00.23,00.32,00003.99,00000.58,00011.59,00002.13,02.558,00.245,02.1,03.673,00.578,01.782,00.193,149.156,05.480,00.41,-0.035,0011.3,G,0,1,0,0,0,0,0,1,0
G026.1094-00.0937,026.10935,-00.09366,279.82052,-06.11195,00.13,00.14,00004.26,00000.53,00004.72,00000.84,01.578,00.109,,01.661,00.169,01.500,00.139,14.591,35.972,00.36,-0.007,0010.4,G,0,0,0,0,0,0,0,0,0
G026.5976-00.0236,026.59757,-00.02358,279.98279,-05.64599,00.33,00.33,00031.06,00002.78,00069.92,00007.45,02.649,00.013,02.2,,,,,,,00.35,-0.011,0088.1,P,0,0,0,0,1,0,0,0,0
G026.6089-00.2121,026.60885,-00.21214,280.15628,-05.72225,00.18,00.18,00025.51,00002.27,00201.41,00021.67,06.525,00.014,06.4,,,,,,,00.33,-0.012,0075.4,P,0,0,0,0,0,0,0,0,0
G026.8304-00.2067,026.83038,-00.20666,280.25349,-05.52279,00.12,00.12,00007.04,00000.74,00012.31,00001.51,01.983,00.088,01.3,02.021,00.128,01.946,00.120,159.608,62.400,00.37,-0.026,0018.5,G,0,0,0,0,0,0,0,0,0
G027.1859-00.0816,027.18595,-00.08160,280.30528,-05.14941,00.11,00.11,00010.80,00001.07,00019.78,00002.17,02.030,00.071,01.4,02.113,00.107,01.950,00.094,39.288,22.162,00.39,-0.012,0025.8,G,0,0,0,0,0,0,0,0,0
G027.2800+00.1447,027.27996,+00.14468,280.14653,-04.96268,00.12,00.12,00041.16,00003.67,00428.04,00042.07,05.745,00.007,05.5,,,,,,,00.32,-0.001,0128.6,P,0,0,0,0,1,0,0,0,0
G027.3644-00.1657,027.36440,-00.16574,280.46240,-05.02921,00.34,00.33,00031.44,00002.81,00060.14,00006.13,02.262,00.011,01.7,,,,,,,00.36,-0.023,0086.6,P,0,0,0,0,0,0,0,0,0
G027.5637+00.0845,027.56372,+00.08454,280.33080,-04.73907,00.22,00.20,00005.96,00000.54,00162.53,00018.81,12.278,00.031,12.2,,,,,,,00.35,-0.060,0016.3,P,0,0,0,0,0,0,0,0,0
G027.9352+00.2056,027.93519,+00.20564,280.39307,-04.35178,00.17,00.17,00003.89,00000.59,00004.44,00001.04,01.601,00.156,,01.688,00.243,01.519,00.199,45.110,49.583,00.43,0.040,0007.8,G,0,0,0,0,0,0,0,0,0
G028.1985-00.0503,028.19853,-00.05028,280.74224,-04.23469,00.19,00.18,00033.62,00003.00,00136.26,00012.94,03.048,00.007,02.7,,,,,,,00.36,0.008,0091.5,P,0,1,0,0,1,0,0,0,0
G028.2003-00.0494,028.20034,-00.04944,280.74215,-04.23264,00.17,00.17,00099.10,00008.82,00161.66,00015.59,02.192,00.006,01.6,,,,,,,00.36,-0.003,0275.5,P,0,1,0,0,1,0,0,0,0
G028.2879-00.3641,028.28789,-00.36409,281.06292,-04.29888,00.12,00.12,00098.00,00008.73,00552.77,00051.90,04.607,00.005,04.4,,,,,,,00.46,0.027,0214.2,P,0,0,0,1,0,0,1,0,0
G028.4518+00.0027,028.45179,+00.00273,280.81087,-03.98517,00.11,00.11,00014.14,00001.31,00033.75,00003.22,02.318,00.053,01.8,02.373,00.077,02.264,00.073,76.894,21.495,00.32,-0.003,0043.4,G,0,0,0,0,0,0,0,0,0
G028.5816+00.1447,028.58159,+00.14471,280.74357,-03.80480,00.84,00.83,00003.95,00000.41,00040.03,00007.76,05.306,00.058,05.1,,,,,,,00.41,-0.015,0008.7,P,0,0,0,0,0,0,0,0,0
G028.6082+00.0185,028.60820,+00.01854,280.86868,-03.83865,00.17,00.16,00041.36,00003.69,00210.15,00020.28,03.620,00.007,03.3,,,,,,,00.38,0.031,0107.2,P,0,0,0,0,0,0,0,0,0
G028.6523+00.0273,028.65235,+00.02726,280.88088,-03.79593,00.16,00.16,00016.62,00001.49,00228.85,00022.02,05.657,00.009,05.5,,,,,,,00.38,-0.006,0042.7,P,0,0,0,0,0,0,0,0,0
G028.6869+00.1770,028.68689,+00.17702,280.76346,-03.69605,00.28,00.28,00012.67,00001.14,00102.98,00011.05,05.278,00.018,05.1,,,,,,,00.38,0.003,0032.4,P,0,0,0,0,0,0,0,0,0
G029.7704+00.2189,029.77038,+00.21890,281.22150,-02.71363,00.65,00.63,00003.09,00000.32,00049.98,00008.84,06.569,00.053,06.4,,,,,,,00.38,-0.001,0007.1,P,0,0,0,0,0,0,0,0,0
G029.9559-00.0168,029.95585,-00.01677,281.51741,-02.65591,00.11,00.11,00196.18,00017.46,03116.20,00296.94,09.618,00.007,09.5,,,,,,,01.33,-0.103,0147.0,P,0,0,0,1,0,0,0,0,0
G030.0096-00.2734,030.00965,-00.27344,281.76963,-02.72534,00.15,00.15,00003.91,00000.54,00004.54,00000.94,01.616,00.135,,01.738,00.219,01.503,00.166,49.884,30.144,00.39,0.010,0009.7,G,0,0,0,0,0,0,0,0,0
G030.2527+00.0540,030.25268,+00.05402,281.58922,-02.35981,00.27,00.26,00007.35,00000.67,00096.79,00010.20,05.808,00.018,05.6,,,,,,,00.34,-0.017,0020.6,P,0,0,0,0,0,0,0,0,0
G030.5313+00.0205,030.53134,+00.02053,281.74659,-02.12679,00.35,00.29,00008.76,00000.80,00085.54,00009.65,05.543,00.023,05.3,,,,,,,00.41,0.000,0020.6,P,0,1,0,0,0,0,1,1,0
G030.5353+00.0204,030.53526,+00.02038,281.74732,-02.12352,00.11,00.11,00080.02,00007.12,00710.36,00066.36,06.300,00.005,06.1,,,,,,,00.41,-0.019,0196.0,P,0,1,0,0,0,0,1,1,0
G030.5887-00.0428,030.58875,-00.04278,281.82866,-02.10479,00.10,00.10,00065.10,00005.83,00092.37,00008.33,01.787,00.028,,01.912,00.043,01.670,00.037,179.285,02.695,00.65,-0.275,0098.8,G,0,0,0,1,0,0,1,0,0
G030.6881-00.0718,030.68815,-00.07177,281.90064,-02.03077,00.26,00.25,00027.12,00002.46,00466.99,00045.69,10.805,00.032,10.7,,,,,,,01.69,-0.288,0015.1,P,0,0,0,1,0,0,0,0,0
G030.7197-00.0829,030.71968,-00.08286,281.92412,-02.00620,00.19,00.19,00101.36,00009.10,00969.33,00096.01,04.595,00.010,04.3,,,,,,,02.12,-0.192,0047.0,P,0,0,0,1,0,0,1,0,0
G030.7532-00.0511,030.75315,-00.05110,281.91112,-01.96229,00.12,00.12,00062.72,00005.94,00301.66,00029.35,03.290,00.092,02.9,03.476,00.140,03.113,00.121,164.179,12.288,03.07,0.696,0019.3,G,0,0,0,1,0,0,1,0,0
G030.7579+00.2042,030.75791,+00.20420,281.68553,-01.84128,01.23,01.21,00003.52,00000.40,00026.23,00006.12,04.149,00.069,03.9,,,,,,,00.41,0.006,0007.6,P,0,0,0,0,0,0,0,0,0
G030.7661-00.0348,030.76614,-00.03480,281.90253,-01.94330,00.31,00.24,00018.48,00002.68,00087.53,00014.67,03.265,00.302,02.9,03.692,00.502,02.887,00.361,74.764,20.120,02.18,-0.261,0008.7,G,0,0,0,1,0,0,1,0,0
G030.8662+00.1143,030.86620,+00.11429,281.81543,-01.78637,00.18,00.18,00134.58,00011.98,00325.47,00032.96,03.092,00.009,02.7,,,,,,,00.57,-0.107,0235.9,P,0,1,0,1,1,0,0,0,0
G030.9581+00.0869,030.95809,+00.08686,281.88171,-01.71707,01.17,01.17,00006.56,00000.67,00025.79,00004.68,03.204,00.050,02.8,,,,,,,00.47,-0.018,0013.1,P,0,0,0,1,1,0,0,0,0
G031.0495+00.4697,031.04949,+00.46972,281.58275,-01.46096,00.11,00.11,00009.63,00000.94,00013.64,00001.49,01.785,00.058,,01.966,00.097,01.621,00.070,11.680,07.990,00.36,-0.009,0026.0,G,0,0,0,0,0,0,0,0,0
G031.0595+00.0922,031.05953,+00.09221,281.92337,-01.62428,00.13,00.13,00006.50,00000.71,00011.70,00001.51,02.012,00.098,01.3,02.155,00.155,01.878,00.123,45.099,18.370,00.39,-0.024,0016.4,G,0,0,0,0,0,0,0,0,0
G031.1590+00.0465,031.15896,+00.04647,282.00947,-01.55666,00.17,00.17,00003.89,00000.52,00007.04,00001.26,02.020,00.163,01.4,02.179,00.261,01.872,00.202,40.953,28.097,00.39,0.012,0009.4,G,0,1,0,0,0,0,0,0,0
G031.1596+00.0448,031.15958,+00.04475,282.01128,-01.55690,00.10,00.10,00018.70,00001.71,00023.83,00002.28,01.693,00.036,,01.741,00.052,01.647,00.048,36.391,15.650,00.39,0.003,0046.7,G,0,1,0,0,0,0,0,0,0
G031.2420-00.1106,031.24202,-00.11062,282.18621,-01.55403,00.13,00.12,00017.18,00001.53,00296.24,00027.05,07.810,00.007,07.7,,,,,,,00.32,-0.005,0052.2,P,0,1,0,0,0,0,0,1,0
G031.2435-00.1103,031.24347,-00.11034,282.18767,-01.55294,00.12,00.12,00133.77,00011.91,00353.06,00032.36,02.691,00.003,02.2,,,,,,,00.33,-0.010,0409.9,P,0,1,0,0,0,0,0,1,0
G031.2448-00.1132,031.24476,-00.11324,282.19067,-01.55330,00.44,00.51,00008.60,00000.80,00037.39,00004.20,03.144,00.020,02.8,,,,,,,00.32,-0.002,0025.6,P,0,1,0,0,0,0,0,0,0
G031.2801+00.0632,031.28008,+00.06322,282.04927,-01.44195,00.14,00.14,00013.05,00001.17,00268.86,00025.67,09.327,00.012,09.2,,,,,,,00.34,-0.012,0037.5,P,0,0,0,0,0,0,0,0,0
G031.3959-00.2570,031.39586,-00.25697,282.38856,-01.48593,00.36,00.34,00006.57,00000.59,00080.96,00010.38,10.034,00.041,09.9,,,,,,,00.36,-0.016,0017.2,P,0,0,0,0,0,0,0,0,0
G031.4130+00.3065,031.41300,+00.30647,281.89289,-01.21237,00.10,00.10,00047.87,00004.26,00954.80,00087.99,09.376,00.004,09.3,,,,,,,00.26,0.003,0183.0,P,0,0,0,0,0,0,0,0,0
G031.5815+00.0744,031.58148,+00.07443,282.17736,-01.16791,00.16,00.14,00005.61,00000.63,00014.48,00001.89,02.409,00.131,01.9,02.768,00.227,02.097,00.149,125.516,09.812,00.36,-0.007,0014.8,G,0,0,0,0,0,0,0,0,0
G032.0297+00.0491,032.02967,+00.04905,282.40438,-00.78062,00.40,00.23,00003.30,00000.44,00026.68,00003.82,04.267,00.339,04.0,05.518,00.653,03.300,00.349,90.188,07.832,00.39,-0.020,0008.9,G,0,0,0,0,0,0,0,0,0
G032.1502+00.1329,032.15017,+00.13287,282.38562,-00.63487,00.13,00.13,00023.24,00002.07,00533.63,00059.66,12.378,00.017,12.3,,,,,,,00.40,-0.004,0056.5,P,0,0,0,0,0,0,0,0,0
G032.2730-00.2258,032.27298,-00.22580,282.75966,-00.69017,00.16,00.15,00018.09,00001.61,00309.28,00034.38,09.832,00.019,09.7,,,,,,,00.40,-0.022,0043.9,P,0,0,0,0,0,0,0,0,0
G032.4727+00.2036,032.47274,+00.20361,282.46894,-00.31585,00.25,00.24,00049.71,00004.43,00097.38,00009.67,02.263,00.008,01.7,,,,,,,00.37,0.009,0132.7,P,0,0,0,0,0,0,0,0,0
G032.7398+00.1940,032.73977,+00.19396,282.59924,-00.08257,00.16,00.16,00003.04,00000.45,00003.39,00000.78,01.585,00.149,,01.619,00.219,01.553,00.202,153.824,90.000,00.34,0.045,0007.9,G,0,0,0,0,1,0,0,0,0
G032.7492-00.0643,032.74920,-00.06427,282.83336,-00.19192,00.13,00.13,00006.43,00000.70,00013.12,00001.67,02.143,00.105,01.5,02.235,00.159,02.054,00.139,139.134,30.918,00.37,-0.010,0016.4,G,0,0,0,0,0,0,0,0,0
G032.7966+00.1909,032.79658,+00.19091,282.62896,-00.03237,00.10,00.10,00279.13,00024.84,03123.37,00281.38,10.013,00.002,09.9,,,,,,,00.39,-0.009,0721.7,P,0,1,0,0,1,0,0,0,0
G032.7982+00.1937,032.79822,+00.19370,282.62613,-00.03066,00.11,00.12,00009.81,00001.00,00017.22,00002.00,01.987,00.078,01.3,02.198,00.130,01.797,00.094,05.462,09.630,00.44,0.047,0021.7,G,0,1,0,0,1,0,0,0,0
G032.9273+00.6060,032.92726,+00.60601,282.31789,+00.27288,00.15,00.15,00044.30,00003.95,00285.57,00031.27,06.811,00.013,06.6,,,,,,,00.31,-0.008,0141.2,P,0,0,0,0,0,0,0,0,0
G033.1328-00.0923,033.13277,-00.09228,283.03355,+00.13683,00.12,00.12,00101.04,00008.99,00378.59,00034.75,04.024,00.004,03.7,,,,,,,00.31,-0.023,0327.6,P,0,0,0,0,0,0,0,0,0
G033.4163-00.0036,033.41627,-00.00358,283.08464,+00.43019,00.37,00.37,00007.14,00000.65,00075.16,00009.16,08.776,00.037,08.6,,,,,,,00.39,-0.012,0017.3,P,0,0,0,0,0,0,0,0,0
G033.8100-00.1864,033.80997,-00.18643,283.42582,+00.69644,00.23,00.23,00057.46,00005.12,00107.63,00010.51,02.189,00.007,01.6,,,,,,,00.38,-0.012,0149.7,P,0,1,0,0,0,0,1,1,0
G033.9145+00.1105,033.91450,+00.11045,283.21011,+00.92463,00.11,00.11,00095.47,00008.50,00842.22,00088.66,10.141,00.011,10.0,,,,,,,00.39,0.034,0244.0,P,0,0,0,0,1,0,0,0,0
G034.0901+00.4365,034.09005,+00.43652,282.99901,+01.22972,01.97,02.07,00003.95,00000.46,00009.62,00001.90,02.405,00.062,01.9,,,,,,,00.39,-0.026,0009.1,P,0,0,0,0,0,0,0,0,0
G034.1978-00.5912,034.19784,-00.59116,283.96296,+00.85698,00.42,00.40,00002.24,00000.43,00010.54,00002.42,03.255,00.458,02.9,03.647,00.753,02.906,00.555,130.702,33.562,00.36,-0.017,0007.2,G,0,0,0,0,0,0,0,0,0
G034.2544+00.1460,034.25437,+00.14597,283.33297,+01.24406,00.34,00.32,00026.22,00002.45,00352.37,00039.13,05.875,00.023,05.7,,,,,,,01.64,0.089,0015.0,P,0,1,0,1,0,0,0,1,1
G034.2571+00.1466,034.25712,+00.14658,283.33336,+01.24624,00.21,00.22,00018.24,00002.69,00047.80,00008.94,02.428,00.228,01.9,02.573,00.352,02.292,00.295,145.568,44.476,01.99,0.277,0009.9,G,0,1,0,1,0,0,0,1,0
G034.2572+00.1535,034.25724,+00.15352,283.32667,+01.24969,00.12,00.12,00328.48,00029.25,01762.63,00163.28,05.755,00.007,05.6,,,,,,,01.66,-0.038,0196.7,P,0,1,0,1,0,0,0,1,0
G034.2573+00.1523,034.25725,+00.15235,283.32829,+01.24899,00.10,00.10,00050.41,00004.77,00050.41,00005.33,01.500,00.041,,01.500,00.058,01.500,00.058,169.923,90.000,01.66,-0.036,0024.6,G,0,1,0,1,0,0,0,0,0
G034.2581+00.1533,034.25811,+00.15330,283.32783,+01.25019,00.11,00.11,00035.87,00003.55,00035.87,00004.22,01.500,00.052,,01.500,00.074,01.500,00.074,160.905,90.000,01.54,-0.139,0044.7,G,0,1,0,1,0,0,0,1,0
G034.4032+00.2277,034.40320,+00.22771,283.32777,+01.41324,00.12,00.13,00006.61,00000.73,00008.92,00001.24,01.743,00.089,,01.866,00.141,01.627,00.111,25.671,19.182,00.42,0.022,0015.5,G,0,0,0,0,0,0,0,0,0
G034.5920+00.2434,034.59203,+00.24337,283.39997,+01.58843,00.17,00.13,00006.13,00000.66,00020.23,00002.40,02.725,00.130,02.3,03.391,00.249,02.190,00.133,73.414,05.164,00.36,-0.000,0019.2,G,0,0,0,0,0,0,0,0,0
G035.0242+00.3502,035.02419,+00.35020,283.50203,+02.02175,00.11,00.11,00010.70,00001.02,00011.44,00001.23,01.551,00.045,,01.604,00.068,01.500,00.060,48.072,20.859,00.36,0.004,0028.3,G,0,0,0,0,0,0,0,0,0
G035.0524-00.5177,035.05240,-00.51773,284.28764,+01.65079,00.39,00.37,00013.50,00001.22,00067.75,00007.56,03.672,00.019,03.4,,,,,,,00.36,-0.032,0036.6,P,0,1,0,0,0,0,1,1,0
G035.4570-00.1791,035.45704,-00.17913,284.17099,+02.16542,00.12,00.12,00006.02,00000.67,00007.52,00001.07,01.677,00.087,,01.718,00.128,01.637,00.117,84.784,58.117,00.37,0.002,0015.4,G,0,0,0,0,0,0,0,0,0
G035.4669+00.1394,035.46693,+00.13942,283.89232,+02.31964,00.13,00.13,00033.35,00002.97,00317.60,00029.36,05.118,00.006,04.9,,,,,,,00.38,-0.020,0086.9,P,0,0,0,0,0,0,0,0,0
G035.5781-00.0305,035.57813,-00.03048,284.09403,+02.34106,00.22,00.22,00075.96,00006.77,00187.75,00018.44,02.532,00.008,02.0,,,,,,,00.57,-0.042,0131.9,P,0,0,0,1,0,0,0,0,0
G036.4057+00.0226,036.40568,+00.02256,284.42490,+03.10152,00.11,00.10,00014.53,00001.36,00022.34,00002.21,01.860,00.046,01.1,01.942,00.070,01.781,00.061,103.204,13.194,00.38,-0.000,0037.6,G,0,1,0,0,1,0,0,1,0
G036.4062+00.0221,036.40623,+00.02206,284.42560,+03.10178,00.11,00.11,00007.94,00000.81,00009.31,00001.15,01.624,00.065,,01.759,00.105,01.500,00.079,120.362,12.329,00.37,0.005,0020.7,G,0,1,0,0,1,0,0,1,0
G037.5457-00.1120,037.54572,-00.11199,285.06647,+04.05360,00.13,00.13,00034.46,00003.07,00406.46,00041.28,08.179,00.012,08.0,,,,,,,00.35,-0.042,0097.7,P,0,0,0,0,0,0,0,0,0
G037.7347-00.1128,037.73473,-00.11277,285.15412,+04.22183,00.11,00.11,00011.69,00001.10,00016.02,00001.63,01.756,00.047,,01.903,00.075,01.620,00.058,51.182,07.472,00.35,-0.024,0033.4,G,0,0,0,0,0,0,0,0,0
G037.7562+00.5605,037.75624,+00.56054,284.56371,+04.54889,00.89,00.89,00003.01,00000.30,00035.68,00008.12,07.021,00.082,06.9,,,,,,,00.36,-0.002,0007.5,P,0,0,0,0,0,0,0,0,0
G037.8197+00.4140,037.81975,+00.41404,284.72300,+04.53819,00.93,00.92,00003.34,00000.36,00025.99,00004.33,04.263,00.049,04.0,,,,,,,00.35,-0.011,0008.6,P,0,1,0,0,0,0,0,1,0
G037.8209+00.4125,037.82092,+00.41249,284.72517,+04.53853,00.81,00.89,00010.74,00000.99,00020.24,00002.72,02.217,00.028,01.6,,,,,,,00.35,-0.014,0029.8,P,0,1,0,0,0,0,0,1,0
G037.8683-00.6008,037.86832,-00.60079,285.65069,+04.11702,00.17,00.17,00038.53,00003.43,00210.28,00021.72,05.180,00.011,05.0,,,,,,,00.34,-0.014,0113.9,P,0,0,0,0,0,0,1,0,0
G037.8731-00.3996,037.87308,-00.39961,285.47328,+04.21437,00.10,00.10,00255.65,00022.75,02561.21,00234.04,08.918,00.003,08.8,,,,,,,00.49,-0.005,0524.0,P,0,0,0,1,1,0,1,0,0
G037.9723-00.0965,037.97232,-00.09653,285.24863,+04.44054,00.14,00.13,00007.85,00000.84,00020.89,00002.52,02.448,00.115,01.9,02.519,00.169,02.379,00.155,65.066,43.908,00.42,-0.007,0020.1,G,0,0,0,0,1,0,0,0,0
G038.5493+00.1646,038.54934,+00.16462,285.28156,+05.07290,00.39,00.37,00003.56,00000.35,00088.30,00011.26,08.284,00.036,08.1,,,,,,,00.42,-0.024,0007.6,P,0,0,0,0,0,0,0,0,0
G038.6465-00.2260,038.64647,-00.22602,285.67379,+04.98063,00.21,00.20,00004.12,00000.58,00011.52,00001.98,02.507,00.213,02.0,02.585,00.316,02.432,00.288,70.000,77.073,00.38,-0.002,0011.5,G,0,0,0,0,1,0,0,0,0
G038.6529+00.0875,038.65286,+00.08749,285.39693,+05.12985,00.12,00.12,00006.94,00000.73,00007.84,00001.04,01.595,00.072,,01.632,00.106,01.559,00.097,39.130,52.234,00.39,0.000,0017.4,G,0,0,0,0,0,0,0,0,0
G038.6934-00.4524,038.69335,-00.45241,285.89734,+04.91856,00.13,00.17,00006.20,00000.68,00019.88,00002.44,02.687,00.136,02.2,03.180,00.244,02.270,00.150,169.577,07.415,00.36,-0.021,0018.1,G,0,0,0,0,0,0,0,0,0
G038.8756+00.3080,038.87564,+00.30800,285.30225,+05.42878,00.14,00.13,00077.93,00006.94,00311.31,00029.87,03.573,00.006,03.2,,,,,,,00.34,-0.003,0231.3,P,0,0,0,0,0,0,0,0,0
G039.1956+00.2255,039.19557,+00.22546,285.52325,+05.67548,00.30,00.30,00043.81,00003.91,00062.27,00006.41,01.949,00.009,01.2,,,,,,,00.33,0.001,0132.4,P,0,0,0,0,0,0,0,0,0
G039.8824-00.3460,039.88236,-00.34602,286.35058,+06.02406,00.14,00.14,00048.46,00004.32,00276.87,00026.38,03.806,00.006,03.5,,,,,,,00.35,0.003,0136.3,P,0,0,0,0,0,0,0,0,0
G040.4251+00.7002,040.42512,+00.70017,285.66505,+06.98573,01.99,01.96,00004.80,00000.51,00011.10,00002.42,02.948,00.075,02.5,,,,,,,00.39,-0.014,0011.2,P,0,0,0,0,0,0,0,0,0
G041.7419+00.0973,041.74190,+00.09733,286.81489,+07.87876,00.17,00.16,00041.62,00003.71,00227.40,00023.95,05.614,00.012,05.4,,,,,,,00.33,-0.019,0123.5,P,0,0,0,0,0,0,1,0,0
G042.1090-00.4469,042.10901,-00.44691,287.47315,+07.95412,00.11,00.11,00009.88,00000.94,00014.80,00001.53,01.836,00.052,01.1,01.922,00.080,01.754,00.069,07.668,14.968,00.31,-0.005,0031.6,G,0,0,0,0,0,0,1,0,0
G042.4345-00.2605,042.43453,-00.26049,287.45790,+08.32889,00.32,00.31,00021.95,00001.97,00083.65,00009.25,03.633,00.016,03.3,,,,,,,00.35,0.011,0061.3,P,0,1,0,0,0,0,0,1,0
G043.1460+00.0139,043.14596,+00.01389,287.54428,+09.08714,00.19,00.18,00076.36,00006.83,00694.60,00069.66,06.222,00.013,06.0,,,,,,,01.57,0.042,0047.8,P,0,1,0,1,1,0,1,1,0
G043.1489+00.0130,043.14894,+00.01305,287.54601,+09.08894,00.12,00.12,00036.47,00003.97,00044.13,00006.07,01.650,00.080,,01.761,00.127,01.546,00.100,147.686,19.084,01.69,-0.014,0020.6,G,0,1,0,1,1,0,1,1,0
G043.1520+00.0115,043.15200,+00.01149,287.54891,+09.09087,00.35,00.34,00111.08,00009.95,00306.63,00034.78,02.606,00.014,02.1,,,,,,,01.55,-0.023,0070.7,P,0,1,0,1,1,0,1,0,0
G043.1651-00.0283,043.16510,-00.02828,287.59169,+09.08423,00.11,00.11,00242.92,00021.62,02714.29,00262.82,09.606,00.008,09.5,,,,,,,01.43,0.031,0169.0,P,0,0,0,1,1,0,1,0,0
G043.1652+00.0129,043.16517,+00.01290,287.55373,+09.10321,00.59,00.47,00098.11,00008.82,00160.07,00017.72,02.074,00.015,01.4,,,,,,,01.59,0.051,0060.9,P,0,1,0,1,1,0,1,0,0
G043.1657+00.0116,043.16574,+00.01164,287.55513,+09.10318,00.11,00.11,00065.21,00006.30,00098.25,00010.44,01.841,00.057,01.1,01.944,00.087,01.744,00.073,10.033,13.790,02.08,0.020,0034.8,G,0,1,0,1,1,0,1,1,0
G043.1665+00.0106,043.16648,+00.01057,287.55646,+09.10348,00.13,00.13,00218.73,00019.49,01365.68,00125.16,03.684,00.004,03.4,,,,,,,01.58,-0.028,0137.6,P,0,1,0,1,1,0,1,1,0
G043.1674+00.0128,043.16737,+00.01282,287.55485,+09.10516,01.03,00.91,00061.62,00005.62,00074.54,00009.28,01.732,00.022,,,,,,,,01.63,-0.184,0036.9,P,0,1,0,1,1,0,1,1,0
G043.1677+00.0196,043.16771,+00.01957,287.54900,+09.10913,00.91,00.89,00020.71,00002.09,00115.47,00017.88,04.158,00.047,03.9,,,,,,,01.63,-0.071,0011.7,P,0,0,0,1,1,0,1,0,0
G043.1684+00.0087,043.16841,+00.00866,287.55894,+09.10417,00.53,00.52,00078.74,00007.13,00185.25,00021.98,02.305,00.018,01.8,,,,,,,01.69,-0.035,0045.5,P,0,1,0,1,1,0,1,1,0
G043.1684+00.0124,043.16844,+00.01244,287.55568,+09.10595,00.11,00.11,00063.60,00006.07,00063.60,00006.86,01.500,00.043,,01.500,00.061,01.500,00.061,15.438,90.000,02.25,-0.114,0026.4,G,0,1,0,1,1,0,1,1,0
G043.1699+00.0115,043.16992,+00.01150,287.55722,+09.10683,00.18,00.16,00021.68,00002.85,00043.79,00007.45,02.132,00.166,01.5,02.253,00.256,02.018,00.214,114.798,38.180,02.34,0.163,0008.4,G,0,1,0,1,1,0,1,0,0
G043.1701+00.0078,043.17006,+00.00783,287.56132,+09.10533,00.14,00.15,00090.46,00008.08,01108.08,00103.11,07.533,00.010,07.4,,,,,,,01.70,-0.064,0052.3,P,0,1,0,1,1,0,1,1,1
G043.1706-00.0003,043.17064,-00.00034,287.56819,+09.10200,00.10,00.10,00115.85,00010.58,00170.72,00016.13,01.821,00.037,01.0,01.978,00.059,01.676,00.047,48.833,04.719,02.07,-0.252,0056.0,G,0,1,0,1,0,0,1,1,0
G043.1716+00.0001,043.17162,+00.00005,287.56829,+09.10305,00.28,00.29,00016.42,00002.81,00051.74,00011.17,02.663,00.314,02.2,02.907,00.505,02.439,00.390,141.201,36.460,02.08,-0.233,0007.6,G,0,1,0,1,1,0,1,1,0
G043.1720+00.0080,043.17204,+00.00802,287.56130,+09.10716,00.78,00.92,00038.57,00003.63,00098.59,00012.52,02.622,00.029,02.1,,,,,,,01.59,-0.103,0023.3,P,0,1,0,1,1,0,1,1,1
G043.1763+00.0248,043.17627,+00.02478,287.54809,+09.11851,00.62,00.62,00024.92,00002.39,00159.42,00021.70,04.514,00.035,04.3,,,,,,,01.55,0.064,0015.2,P,0,0,0,1,1,0,1,0,0
G043.1778-00.5181,043.17775,-00.51806,288.03659,+08.86833,00.25,00.25,00012.49,00001.13,00181.65,00023.04,07.157,00.026,07.0,,,,,,,00.46,-0.016,0026.4,P,0,0,0,1,1,0,0,0,0
G043.2371-00.0453,043.23710,-00.04530,287.63962,+09.14013,00.36,00.36,00029.18,00002.66,00178.78,00020.41,03.775,00.018,03.5,,,,,,,00.93,0.136,0030.3,P,0,0,0,1,0,0,1,0,0
G043.3064-00.2114,043.30636,-00.21136,287.82103,+09.12471,01.59,01.58,00007.85,00000.87,00020.08,00003.25,02.531,00.049,02.0,,,,,,,00.69,-0.011,0010.4,P,0,0,0,1,0,0,1,0,0
G043.7954-00.1274,043.79541,-00.12738,287.97512,+09.59722,00.78,00.76,00019.29,00001.75,00024.58,00002.97,01.829,00.020,01.0,,,,,,,00.44,-0.005,0043.1,P,0,1,0,0,0,0,0,1,0
G043.7960-00.1286,043.79603,-00.12856,287.97653,+09.59715,02.10,02.14,00003.71,00000.47,00009.78,00001.94,02.381,00.063,01.8,,,,,,,00.45,-0.017,0007.4,P,0,1,0,0,0,0,0,1,0
G043.8894-00.7840,043.88940,-00.78399,288.60878,+09.37644,00.11,00.11,00096.50,00008.59,00528.18,00048.82,05.378,00.005,05.2,,,,,,,00.31,0.005,0312.9,P,0,1,0,0,1,0,0,1,0
G043.9675+00.9939,043.96752,+00.99386,287.04596,+10.26750,00.10,00.10,00031.88,00002.86,00041.33,00003.75,01.708,00.027,,01.716,00.039,01.700,00.039,16.116,44.410,00.33,-0.004,0094.8,G,0,0,0,0,0,0,0,0,0
G044.3103+00.0410,044.31025,+00.04098,288.06554,+10.13155,00.14,00.14,00004.37,00000.54,00005.47,00000.94,01.678,00.115,,01.878,00.199,01.500,00.131,48.919,15.240,00.38,0.009,0010.1,G,0,0,0,0,0,0,0,0,0
G044.4228+00.5377,044.42279,+00.53772,287.67082,+10.46108,00.14,00.16,00003.74,00000.51,00004.27,00000.87,01.603,00.132,,01.712,00.212,01.500,00.165,154.475,32.937,00.38,0.019,0008.5,G,0,0,0,0,0,0,0,0,0
G045.0694+00.1323,045.06939,+00.13230,288.34105,+10.84656,00.10,00.10,00026.99,00002.49,00046.17,00004.44,01.962,00.044,01.3,02.066,00.067,01.863,00.058,09.799,09.340,00.55,0.118,0046.0,G,0,1,0,1,1,0,1,0,0
G045.0712+00.1321,045.07116,+00.13206,288.34214,+10.84795,00.24,00.24,00105.64,00009.41,00146.67,00014.65,01.891,00.007,01.2,,,,,,,00.58,-0.021,0180.6,P,0,1,0,1,1,0,1,0,0
G045.1223+00.1321,045.12233,+00.13206,288.36652,+10.89325,00.10,00.10,00299.72,00026.68,02984.27,00274.33,07.458,00.004,07.3,,,,,,,00.77,0.047,0386.6,P,0,1,0,1,1,0,1,1,1
G045.1242+00.1356,045.12424,+00.13560,288.36433,+10.89664,01.01,01.05,00008.43,00000.87,00062.55,00011.86,04.833,00.058,04.6,,,,,,,00.81,0.015,0009.5,P,0,1,0,1,1,0,1,1,0
G045.4545+00.0591,045.45450,+00.05908,288.58879,+11.15325,00.13,00.13,00061.84,00005.51,01029.45,00098.24,07.613,00.009,07.5,,,,,,,00.89,-0.091,0068.6,P,0,1,0,1,0,0,1,1,1
G045.4559+00.0613,045.45595,+00.06133,288.58788,+11.15600,00.28,00.20,00010.18,00001.33,00051.59,00007.58,03.377,00.258,03.0,03.928,00.444,02.903,00.298,97.439,13.260,01.00,-0.006,0009.6,G,0,1,0,1,0,0,1,1,1
G045.4656+00.0452,045.46557,+00.04515,288.60704,+11.15701,00.10,00.10,00048.33,00004.38,00062.26,00005.79,01.703,00.032,,01.856,00.050,01.562,00.040,172.498,03.686,00.87,-0.084,0053.5,G,0,0,0,1,0,0,1,0,0
G045.5431-00.0073,045.54307,-00.00728,288.69060,+11.20141,00.70,00.69,00003.96,00000.42,00049.16,00007.80,05.968,00.050,05.8,,,,,,,00.49,0.029,0007.1,P,0,0,0,1,0,0,0,0,0
G048.6099+00.0270,048.60992,+00.02697,290.12766,+13.92839,00.30,00.29,00008.53,00000.78,00131.22,00015.55,07.059,00.025,06.9,,,,,,,00.48,0.025,0016.7,P,0,0,0,1,0,0,1,0,0
G048.9296-00.2793,048.92959,-00.27926,290.56244,+14.06685,00.26,00.26,00012.15,00001.12,00185.39,00019.22,06.158,00.018,06.0,,,,,,,00.67,0.010,0017.1,P,0,0,0,1,1,0,0,0,0
G048.9901-00.2988,048.99010,-00.29878,290.60881,+14.11101,00.21,00.15,00005.44,00000.81,00007.53,00001.66,01.764,00.170,,02.073,00.318,01.500,00.176,71.670,14.238,00.61,-0.027,0008.0,G,0,0,0,1,1,0,0,0,0
G049.2679-00.3374,049.26792,-00.33743,290.77918,+14.33773,00.40,00.45,00005.97,00000.78,00102.61,00014.03,06.216,00.497,06.0,06.545,00.744,05.905,00.664,03.996,43.483,00.83,-0.191,0007.6,G,0,0,0,1,0,0,1,0,0
G049.3666-00.3010,049.36663,-00.30104,290.79419,+14.44191,00.36,00.55,00029.71,00005.72,00180.93,00040.14,03.702,00.505,03.4,04.500,00.915,03.045,00.554,14.235,18.289,03.37,-0.675,0009.6,G,0,1,0,1,0,0,1,0,0
G049.4640-00.3511,049.46400,-00.35108,290.88745,+14.50412,00.51,00.49,00057.82,00005.58,00698.65,00099.44,05.761,00.038,05.6,,,,,,,04.57,-0.157,0011.7,P,0,0,0,1,0,0,1,0,1
G049.4891-00.3763,049.48914,-00.37627,290.92267,+14.51428,01.40,01.31,00057.69,00006.21,00217.31,00036.08,03.065,00.048,02.7,,,,,,,04.94,0.051,0010.7,P,0,1,0,1,0,0,1,1,0
G049.4905-00.3688,049.49053,-00.36881,290.91637,+14.51927,00.14,00.14,00335.65,00029.97,03821.72,00365.24,05.758,00.008,05.6,,,,,,,05.04,-0.044,0065.7,P,0,0,0,1,0,0,1,0,0
G050.3152+00.6762,050.31525,+00.67623,290.36462,+15.73920,00.23,00.21,00046.28,00004.12,00081.31,00008.07,02.107,00.007,01.5,,,,,,,00.26,-0.013,0176.8,P,0,1,0,0,0,0,0,1,0
G050.3157+00.6747,050.31566,+00.67475,290.36738,+15.73935,00.28,00.28,00002.70,00000.25,00073.26,00008.30,09.822,00.030,09.7,,,,,,,00.26,-0.008,0009.4,P,0,1,0,0,0,0,0,1,0
G051.6785+00.7193,051.67854,+00.71934,290.99510,+16.96154,00.10,00.10,00015.87,00001.43,00022.55,00002.07,01.788,00.032,,01.984,00.051,01.612,00.039,02.741,02.641,00.23,-0.000,0066.0,G,0,0,0,0,0,0,0,0,0
G052.7533+00.3340,052.75329,+00.33397,291.88421,+17.72412,00.11,00.11,00016.62,00001.48,00386.03,00036.54,08.660,00.007,08.5,,,,,,,00.24,-0.013,0067.3,P,0,0,0,0,0,0,0,0,0
G053.9589+00.0320,053.95892,+00.03201,292.77174,+18.63803,00.35,00.35,00021.48,00001.92,00046.00,00004.73,02.315,00.011,01.8,,,,,,,00.28,-0.004,0075.1,P,0,0,0,0,0,0,0,0,0
G058.7739+00.6457,058.77387,+00.64570,294.70272,+23.14448,00.47,00.40,00001.44,00000.27,00004.76,00001.18,02.724,00.398,02.3,03.955,00.947,01.876,00.314,128.499,08.252,00.24,0.006,0008.3,G,0,0,0,0,0,0,0,0,0
G059.6027+00.9118,059.60268,+00.91183,294.89437,+23.99699,00.10,00.10,00053.77,00004.79,00068.76,00006.14,01.696,00.025,,01.720,00.035,01.673,00.034,41.386,06.904,00.24,0.013,0214.9,G,0,0,0,0,0,0,0,0,0
G060.8842-00.1286,060.88422,-00.12861,296.58393,+24.59146,00.10,00.10,00018.67,00001.76,00018.67,00001.96,01.500,00.040,,01.500,00.057,01.500,00.057,01.146,90.000,00.49,-0.061,0047.8,G,0,1,0,1,0,0,0,1,0
G061.4763+00.0892,061.47631,+00.08921,296.70445,+25.21222,00.11,00.11,00090.52,00008.06,00718.71,00064.37,06.536,00.004,06.4,,,,,,,00.46,-0.052,0196.3,P,0,1,0,1,1,0,0,1,0
G061.4770+00.0891,061.47701,+00.08915,296.70508,+25.21334,00.10,00.10,00064.38,00005.75,00066.92,00006.02,01.529,00.023,,01.559,00.033,01.500,00.032,84.606,07.573,00.53,0.150,0152.8,G,0,1,0,1,1,0,0,1,0
G061.7207+00.8630,061.72069,+00.86297,296.09849,+25.81206,00.18,00.18,00039.06,00003.48,00101.30,00009.82,02.428,00.006,01.9,,,,,,,00.23,0.006,0171.0,P,0,0,0,0,0,0,0,0,0
